"Name","Stand","BlockNum","Gap.","Plot","Litter","Moss","Wood","Feces","Rush.1","Sand.Soil","Rock.1","Root","Bare.1","Block","Canopy"
"AE10G1","AE10",1,"Y","A",100,0,0,0,0,0,0,0,0,"AE101","CompAbsent"
"AE10N1","AE10",1,"N","A",99,1,0,0,0,0,0,0,0,"AE101","CompPresent"
"AE10G2","AE10",2,"Y","A",95,5,0,0,0,0,0,0,0,"AE102","CompAbsent"
"AE10N2","AE10",2,"N","A",100,0,0,0,0,0,0,0,0,"AE102","CompPresent"
"AE10G3","AE10",3,"Y","A",100,0,0,0,0,0,0,0,0,"AE103","CompAbsent"
"AE10N3","AE10",3,"N","A",100,0,0,0,0,0,0,0,0,"AE103","CompPresent"
"AE10G4","AE10",4,"Y","A",100,0,0,0,0,0,0,0,0,"AE104","CompAbsent"
"AE10N4","AE10",4,"N","A",100,0,0,0,0,0,0,0,0,"AE104","CompPresent"
"AE10G5","AE10",5,"Y","A",100,0,0,0,0,0,0,0,0,"AE105","CompAbsent"
"AE10N5","AE10",5,"N","A",100,0,0,0,0,0,0,0,0,"AE105","CompPresent"
"AM16G1","AM16",1,"Y","A",10,90,0,0,0,0,0,0,0,"AM161","CompAbsent"
"AM16N1","AM16",1,"N","A",100,0,0,0,0,0,0,0,0,"AM161","CompPresent"
"AM16G2","AM16",2,"Y","A",50,50,0,0,0,0,0,0,0,"AM162","CompAbsent"
"AM16N2","AM16",2,"N","A",98,2,0,0,0,0,0,0,0,"AM162","CompPresent"
"AM16G3","AM16",3,"Y","A",95,5,0,0,0,0,0,0,0,"AM163","CompAbsent"
"AM16N3","AM16",3,"N","A",79,20,1,0,0,0,0,0,0,"AM163","CompPresent"
"AM16G4","AM16",4,"Y","A",40,50,10,0,0,0,0,0,0,"AM164","CompAbsent"
"AM16N4","AM16",4,"N","A",90,10,0,0,0,0,0,0,0,"AM164","CompPresent"
"AM16G5","AM16",5,"Y","A",50,50,0,0,0,0,0,0,0,"AM165","CompAbsent"
"AM16N5","AM16",5,"N","A",85,15,0,0,0,0,0,0,0,"AM165","CompPresent"
"AV06G1","AV06",1,"Y","A",10,90,0,0,0,0,0,0,0,"AV061","CompAbsent"
"AV06N1","AV06",1,"N","A",96,2,0,0,0,0,0,2,0,"AV061","CompPresent"
"AV06G2","AV06",2,"Y","A",80,20,0,0,0,0,0,0,0,"AV062","CompAbsent"
"AV06N2","AV06",2,"N","A",95,5,0,0,0,0,0,0,0,"AV062","CompPresent"
"AV06G3","AV06",3,"Y","A",10,90,0,0,0,0,0,0,0,"AV063","CompAbsent"
"AV06N3","AV06",3,"N","A",70,30,0,0,0,0,0,0,0,"AV063","CompPresent"
"AV06G4","AV06",4,"Y","A",85,15,0,0,0,0,0,0,0,"AV064","CompAbsent"
"AV06N4","AV06",4,"N","A",95,5,0,0,0,0,0,0,0,"AV064","CompPresent"
"AV06G5","AV06",5,"Y","A",85,15,0,0,0,0,0,0,0,"AV065","CompAbsent"
"AV06N5","AV06",5,"N","A",95,5,0,0,0,0,0,0,0,"AV065","CompPresent"
"HIGHG1","HIGH",1,"Y","A",99,1,0,0,0,0,0,0,0,"HIGH1","CompAbsent"
"HIGHN1","HIGH",1,"N","A",100,0,0,0,0,0,0,0,0,"HIGH1","CompPresent"
"HIGHG2","HIGH",2,"Y","A",100,0,0,0,1,0,0,0,0,"HIGH2","CompAbsent"
"HIGHN2","HIGH",2,"N","A",100,0,0,0,0,0,0,0,0,"HIGH2","CompPresent"
"HIGHG3","HIGH",3,"Y","A",89,10,0,0,0,0,0,0,0,"HIGH3","CompAbsent"
"HIGHN3","HIGH",3,"N","A",95,0,5,0,0,0,0,0,0,"HIGH3","CompPresent"
"HIGHG4","HIGH",4,"Y","A",99,1,0,0,0,0,0,0,0,"HIGH4","CompAbsent"
"HIGHN4","HIGH",4,"N","A",100,0,0,0,0,0,0,0,0,"HIGH4","CompPresent"
"HIGHG5","HIGH",5,"Y","A",100,0,0,0,0,0,0,0,0,"HIGH5","CompAbsent"
"HIGHN5","HIGH",5,"N","A",95,0,5,0,0,0,0,0,0,"HIGH5","CompPresent"
"NISQG1","NISQ",1,"Y","A",40,60,0,0,0,0,0,0,0,"NISQ1","CompAbsent"
"NISQN1","NISQ",1,"N","A",97,3,0,0,0,0,0,0,0,"NISQ1","CompPresent"
"NISQG2","NISQ",2,"Y","A",90,10,0,0,0,0,0,0,0,"NISQ2","CompAbsent"
"NISQN2","NISQ",2,"N","A",100,0,0,0,0,0,0,0,0,"NISQ2","CompPresent"
"NISQG3","NISQ",3,"Y","A",98,2,0,0,0,0,0,0,0,"NISQ3","CompAbsent"
"NISQN3","NISQ",3,"N","A",94,1,5,0,0,0,0,0,0,"NISQ3","CompPresent"
"NISQG4","NISQ",4,"Y","A",70,30,0,0,0,0,0,0,0,"NISQ4","CompAbsent"
"NISQN4","NISQ",4,"N","A",95,5,0,0,0,0,0,0,0,"NISQ4","CompPresent"
"NISQG5","NISQ",5,"Y","A",100,0,0,0,0,0,0,0,0,"NISQ5","CompAbsent"
"NISQN5","NISQ",5,"N","A",100,0,0,0,0,0,0,0,0,"NISQ5","CompPresent"
"PARAG1","PARA",1,"Y","A",98,2,0,0,0,0,0,0,0,"PARA1","CompAbsent"
"PARAN1","PARA",1,"N","A",100,0,0,0,0,0,0,0,0,"PARA1","CompPresent"
"PARAG2","PARA",2,"Y","A",85,10,5,0,0,0,0,0,0,"PARA2","CompAbsent"
"PARAN2","PARA",2,"N","A",94,5,1,0,0,0,0,0,0,"PARA2","CompPresent"
"PARAG3","PARA",3,"Y","A",40,52,8,0,0,0,0,0,0,"PARA3","CompAbsent"
"PARAN3","PARA",3,"N","A",100,0,0,0,0,0,0,0,0,"PARA3","CompPresent"
"PARAG4","PARA",4,"Y","A",80,0,20,0,0,0,0,0,0,"PARA4","CompAbsent"
"PARAN4","PARA",4,"N","A",100,0,0,0,0,0,0,0,0,"PARA4","CompPresent"
"PARAG5","PARA",5,"Y","A",100,0,0,0,0,0,0,0,0,"PARA5","CompAbsent"
"PARAN5","PARA",5,"N","A",100,0,0,0,0,0,0,0,0,"PARA5","CompPresent"
"TO04G1","TO04",1,"Y","A",50,50,0,0,0,0,0,0,0,"TO041","CompAbsent"
"TO04N1","TO04",1,"N","A",30,70,0,0,0,0,0,0,0,"TO041","CompPresent"
"TO04G2","TO04",2,"Y","A",5,95,0,0,0,0,0,0,0,"TO042","CompAbsent"
"TO04N2","TO04",2,"N","A",90,10,0,0,0,0,0,0,0,"TO042","CompPresent"
"TO04G3","TO04",3,"Y","A",70,30,0,0,0,0,0,0,0,"TO043","CompAbsent"
"TO04N3","TO04",3,"N","A",40,60,0,0,0,0,0,0,0,"TO043","CompPresent"
"TO04G4","TO04",4,"Y","A",40,60,0,0,0,0,0,0,0,"TO044","CompAbsent"
"TO04N4","TO04",4,"N","A",40,60,0,0,0,0,0,0,0,"TO044","CompPresent"
"TO04G5","TO04",5,"Y","A",70,30,0,0,0,0,0,0,0,"TO045","CompAbsent"
"TO04N5","TO04",5,"N","A",90,10,0,0,0,0,0,0,0,"TO045","CompPresent"
"AE10G1","AE10",1,"Y","B",100,0,0,0,0,0,0,0,0,"AE101","CompAbsent"
"AE10N1","AE10",1,"N","B",100,0,0,0,0,0,0,0,0,"AE101","CompPresent"
"AE10G2","AE10",2,"Y","B",100,0,0,0,0,0,0,0,0,"AE102","CompAbsent"
"AE10N2","AE10",2,"N","B",100,0,0,0,0,0,0,0,0,"AE102","CompPresent"
"AE10G3","AE10",3,"Y","B",100,0,0,0,0,0,0,0,0,"AE103","CompAbsent"
"AE10N3","AE10",3,"N","B",88,7,5,0,0,0,0,0,0,"AE103","CompPresent"
"AE10N4","AE10",4,"N","B",100,0,0,0,0,0,0,0,0,"AE104","CompPresent"
"AE10G5","AE10",5,"Y","B",100,0,0,0,0,0,0,0,0,"AE105","CompAbsent"
"AE10N5","AE10",5,"N","B",100,0,0,0,0,0,0,0,0,"AE105","CompPresent"
"AM16G1","AM16",1,"Y","B",15,85,0,0,0,0,0,0,0,"AM161","CompAbsent"
"AM16N1","AM16",1,"N","B",98,1,1,0,0,0,0,0,0,"AM161","CompPresent"
"AM16G2","AM16",2,"Y","B",40,60,0,0,0,0,0,0,0,"AM162","CompAbsent"
"AM16N2","AM16",2,"N","B",98,2,0,0,0,0,0,0,0,"AM162","CompPresent"
"AM16G3","AM16",3,"Y","B",70,25,5,0,0,0,0,0,0,"AM163","CompAbsent"
"AM16N3","AM16",3,"N","B",98,2,0,0,0,0,0,0,0,"AM163","CompPresent"
"AM16G4","AM16",4,"Y","B",75,25,0,0,0,0,0,0,0,"AM164","CompAbsent"
"AM16N4","AM16",4,"N","B",93,5,0,0,0,0,0,2,0,"AM164","CompPresent"
"AM16G5","AM16",5,"Y","B",70,30,0,0,0,0,0,0,0,"AM165","CompAbsent"
"AM16N5","AM16",5,"N","B",10,30,60,0,0,0,0,0,0,"AM165","CompPresent"
"AV06G1","AV06",1,"Y","B",5,95,0,0,0,0,0,0,0,"AV061","CompAbsent"
"AV06N1","AV06",1,"N","B",98,2,0,0,0,0,0,0,0,"AV061","CompPresent"
"AV06G2","AV06",2,"Y","B",50,50,0,0,0,0,0,0,0,"AV062","CompAbsent"
"AV06N2","AV06",2,"N","B",95,5,0,0,0,0,0,0,0,"AV062","CompPresent"
"AV06G3","AV06",3,"Y","B",50,50,0,0,0,0,0,0,0,"AV063","CompAbsent"
"AV06N3","AV06",3,"N","B",40,60,0,0,0,0,0,0,0,"AV063","CompPresent"
"AV06G4","AV06",4,"Y","B",5,95,0,0,0,0,0,0,0,"AV064","CompAbsent"
"AV06N4","AV06",4,"N","B",98,2,0,0,0,0,0,0,0,"AV064","CompPresent"
"AV06G5","AV06",5,"Y","B",90,10,0,0,0,0,0,0,0,"AV065","CompAbsent"
"AV06N5","AV06",5,"N","B",50,50,0,0,0,0,0,0,0,"AV065","CompPresent"
"HIGHG4","HIGH",4,"Y","B",98,2,0,0,0,0,0,0,0,"HIGH4","CompAbsent"
"HIGHN4","HIGH",4,"N","B",100,0,0,0,0,0,0,0,0,"HIGH4","CompPresent"
"HIGHG5","HIGH",5,"Y","B",99,1,0,0,0,0,0,0,0,"HIGH5","CompAbsent"
"HIGHN5","HIGH",5,"N","B",100,0,0,0,0,0,0,0,0,"HIGH5","CompPresent"
"NISQG1","NISQ",1,"Y","B",75,5,20,0,0,0,0,0,0,"NISQ1","CompAbsent"
"NISQN1","NISQ",1,"N","B",98,2,0,0,0,0,0,0,0,"NISQ1","CompPresent"
"NISQG2","NISQ",2,"Y","B",25,75,0,0,0,0,0,0,0,"NISQ2","CompAbsent"
"NISQN2","NISQ",2,"N","B",97,0,0,0,0,0,0,0,0,"NISQ2","CompPresent"
"NISQG3","NISQ",3,"Y","B",80,20,0,0,0,0,0,0,0,"NISQ3","CompAbsent"
"NISQN3","NISQ",3,"N","B",90,5,5,0,0,0,0,0,0,"NISQ3","CompPresent"
"NISQG4","NISQ",4,"Y","B",99,1,0,0,0,0,0,0,0,"NISQ4","CompAbsent"
"NISQN4","NISQ",4,"N","B",97,3,0,0,0,0,0,0,0,"NISQ4","CompPresent"
"NISQG5","NISQ",5,"Y","B",100,0,0,0,0,0,0,0,0,"NISQ5","CompAbsent"
"NISQN5","NISQ",5,"N","B",99,1,0,0,0,0,0,0,0,"NISQ5","CompPresent"
"PARAG2","PARA",2,"Y","B",95,5,0,0,0,0,0,0,0,"PARA2","CompAbsent"
"PARAG3","PARA",3,"Y","B",80,20,0,0,0,0,0,0,0,"PARA3","CompAbsent"
"PARAN3","PARA",3,"N","B",100,0,0,0,0,0,0,0,0,"PARA3","CompPresent"
"PARAG4","PARA",4,"Y","B",99,1,0,0,0,0,0,0,0,"PARA4","CompAbsent"
"PARAN4","PARA",4,"N","B",100,0,0,0,0,0,0,0,0,"PARA4","CompPresent"
"PARAG5","PARA",5,"Y","B",100,0,0,0,0,0,0,0,0,"PARA5","CompAbsent"
"PARAN5","PARA",5,"N","B",100,0,0,0,0,0,0,0,0,"PARA5","CompPresent"
"TO04G1","TO04",1,"Y","B",25,75,0,0,0,0,0,0,0,"TO041","CompAbsent"
"TO04N1","TO04",1,"N","B",40,60,0,0,0,0,0,0,0,"TO041","CompPresent"
"TO04G2","TO04",2,"Y","B",60,40,0,0,0,0,0,0,0,"TO042","CompAbsent"
"TO04N2","TO04",2,"N","B",50,50,0,0,0,0,0,0,0,"TO042","CompPresent"
"TO04G3","TO04",3,"Y","B",75,25,0,0,0,0,0,0,0,"TO043","CompAbsent"
"TO04N3","TO04",3,"N","B",25,75,0,0,0,0,0,0,0,"TO043","CompPresent"
"TO04G4","TO04",4,"Y","B",50,45,5,0,0,0,0,0,0,"TO044","CompAbsent"
"TO04N4","TO04",4,"N","B",25,75,0,0,0,0,0,0,0,"TO044","CompPresent"
"TO04G5","TO04",5,"Y","B",25,75,0,0,0,0,0,0,0,"TO045","CompAbsent"
"TO04N5","TO04",5,"N","B",85,13,2,0,0,0,0,0,0,"TO045","CompPresent"
"AE10G4","AE10",4,"Y","B",100,0,0,0,0,0,0,0,0,"AE104","CompAbsent"
"HIGHG1","HIGH",1,"Y","B",100,0,0,0,0,0,0,0,0,"HIGH1","CompAbsent"
"HIGHN1","HIGH",1,"N","B",98,2,0,0,0,0,0,0,0,"HIGH1","CompPresent"
"HIGHG2","HIGH",2,"Y","B",100,0,0,0,0,0,0,0,0,"HIGH2","CompAbsent"
"HIGHN2","HIGH",2,"N","B",100,0,0,0,0,0,0,0,0,"HIGH2","CompPresent"
"HIGHG3","HIGH",3,"Y","B",80,0,0,0,0,20,0,0,0,"HIGH3","CompAbsent"
"HIGHN3","HIGH",3,"N","B",100,0,0,0,0,0,0,0,0,"HIGH3","CompPresent"
"PARAG1","PARA",1,"Y","B",95,5,0,0,0,0,0,0,0,"PARA1","CompAbsent"
"PARAN1","PARA",1,"N","B",100,0,0,0,0,0,0,0,0,"PARA1","CompPresent"
"PARAN2","PARA",2,"N","B",99,1,0,0,0,0,0,0,0,"PARA2","CompPresent"
"AE10G1","AE10",1,"Y","C",100,0,0,0,0,0,0,0,0,"AE101","CompAbsent"
"AE10N1","AE10",1,"N","C",100,0,0,0,0,0,0,0,0,"AE101","CompPresent"
"AE10N2","AE10",2,"N","C",100,0,0,0,0,0,0,0,0,"AE102","CompPresent"
"AE10G3","AE10",3,"Y","C",100,0,0,0,0,0,0,0,0,"AE103","CompAbsent"
"AE10N3","AE10",3,"N","C",94,0,6,0,0,0,0,0,0,"AE103","CompPresent"
"AE10G5","AE10",5,"Y","C",85,15,0,0,0,0,0,0,0,"AE105","CompAbsent"
"AE10N5","AE10",5,"N","C",100,0,0,0,0,0,0,0,0,"AE105","CompPresent"
"AM16G1","AM16",1,"Y","C",5,95,0,0,0,0,0,0,0,"AM161","CompAbsent"
"AM16N1","AM16",1,"N","C",96,3,1,0,0,0,0,0,0,"AM161","CompPresent"
"AM16G2","AM16",2,"Y","C",50,50,0,0,0,0,0,0,0,"AM162","CompAbsent"
"AM16N2","AM16",2,"N","C",90,10,0,0,0,0,0,0,0,"AM162","CompPresent"
"AM16G3","AM16",3,"Y","C",50,45,5,0,0,0,0,0,0,"AM163","CompAbsent"
"AM16N3","AM16",3,"N","C",99,1,0,0,0,0,0,0,0,"AM163","CompPresent"
"AM16G4","AM16",4,"Y","C",40,60,0,0,0,0,0,0,0,"AM164","CompAbsent"
"AM16N4","AM16",4,"N","C",90,5,5,0,0,0,0,0,0,"AM164","CompPresent"
"AM16G5","AM16",5,"Y","C",25,75,0,0,0,0,0,0,0,"AM165","CompAbsent"
"AM16N5","AM16",5,"N","C",85,15,0,0,0,0,0,0,0,"AM165","CompPresent"
"AV06G1","AV06",1,"Y","C",45,15,40,0,0,0,0,0,0,"AV061","CompAbsent"
"AV06N1","AV06",1,"N","C",100,0,0,0,0,0,0,0,0,"AV061","CompPresent"
"AV06G2","AV06",2,"Y","C",40,60,0,0,0,0,0,0,0,"AV062","CompAbsent"
"AV06N2","AV06",2,"N","C",90,10,0,0,0,0,0,0,0,"AV062","CompPresent"
"AV06G3","AV06",3,"Y","C",10,90,0,0,0,0,0,0,0,"AV063","CompAbsent"
"AV06N3","AV06",3,"N","C",25,75,0,0,0,0,0,0,0,"AV063","CompPresent"
"AV06G4","AV06",4,"Y","C",25,75,0,0,0,0,0,0,0,"AV064","CompAbsent"
"AV06N4","AV06",4,"N","C",100,0,0,0,0,0,0,0,0,"AV064","CompPresent"
"AV06G5","AV06",5,"Y","C",50,50,0,0,0,0,0,0,0,"AV065","CompAbsent"
"AV06N5","AV06",5,"N","C",50,50,0,0,0,0,0,0,0,"AV065","CompPresent"
"HIGHN3","HIGH",3,"N","C",90,0,10,0,0,0,0,0,0,"HIGH3","CompPresent"
"HIGHG4","HIGH",4,"Y","C",100,0,0,0,0,0,0,0,0,"HIGH4","CompAbsent"
"HIGHN4","HIGH",4,"N","C",100,0,0,0,0,0,0,0,0,"HIGH4","CompPresent"
"HIGHG5","HIGH",5,"Y","C",100,0,0,0,0,0,0,0,0,"HIGH5","CompAbsent"
"HIGHN5","HIGH",5,"N","C",100,0,0,0,0,0,0,0,0,"HIGH5","CompPresent"
"NISQG1","NISQ",1,"Y","C",90,10,0,0,0,0,0,0,0,"NISQ1","CompAbsent"
"NISQN1","NISQ",1,"N","C",95,3,2,0,0,0,0,0,0,"NISQ1","CompPresent"
"NISQG2","NISQ",2,"Y","C",40,60,0,0,0,0,0,0,0,"NISQ2","CompAbsent"
"NISQN2","NISQ",2,"N","C",85,15,0,0,0,0,0,0,0,"NISQ2","CompPresent"
"NISQG3","NISQ",3,"Y","C",70,30,0,0,0,0,0,0,0,"NISQ3","CompAbsent"
"NISQN3","NISQ",3,"N","C",89,1,10,0,0,0,0,0,0,"NISQ3","CompPresent"
"NISQG4","NISQ",4,"Y","C",98,2,0,0,0,0,0,0,0,"NISQ4","CompAbsent"
"NISQN4","NISQ",4,"N","C",85,15,0,0,0,0,0,0,0,"NISQ4","CompPresent"
"NISQG5","NISQ",5,"Y","C",100,0,0,0,0,0,0,0,0,"NISQ5","CompAbsent"
"NISQN5","NISQ",5,"N","C",95,5,0,0,0,0,0,0,0,"NISQ5","CompPresent"
"PARAG2","PARA",2,"Y","C",97,3,0,0,0,0,0,0,0,"PARA2","CompAbsent"
"PARAG3","PARA",3,"Y","C",48,50,2,0,0,0,0,0,0,"PARA3","CompAbsent"
"PARAN3","PARA",3,"N","C",100,0,0,0,0,0,0,0,0,"PARA3","CompPresent"
"PARAG4","PARA",4,"Y","C",100,0,0,0,0,0,0,0,0,"PARA4","CompAbsent"
"PARAN4","PARA",4,"N","C",80,0,20,0,0,0,0,0,0,"PARA4","CompPresent"
"PARAG5","PARA",5,"Y","C",100,0,0,0,0,0,0,0,0,"PARA5","CompAbsent"
"PARAN5","PARA",5,"N","C",100,0,0,0,0,0,0,0,0,"PARA5","CompPresent"
"TO04G1","TO04",1,"Y","C",90,10,0,0,0,0,0,0,0,"TO041","CompAbsent"
"TO04N1","TO04",1,"N","C",50,50,0,0,0,0,0,0,0,"TO041","CompPresent"
"TO04G2","TO04",2,"Y","C",40,60,0,0,0,0,0,0,0,"TO042","CompAbsent"
"TO04N2","TO04",2,"N","C",60,40,0,0,0,0,0,0,0,"TO042","CompPresent"
"TO04G3","TO04",3,"Y","C",40,60,0,0,0,0,0,0,0,"TO043","CompAbsent"
"TO04N3","TO04",3,"N","C",25,75,0,0,0,0,0,0,0,"TO043","CompPresent"
"TO04G4","TO04",4,"Y","C",50,50,0,0,0,0,0,0,0,"TO044","CompAbsent"
"TO04N4","TO04",4,"N","C",60,40,0,0,0,0,0,0,0,"TO044","CompPresent"
"TO04G5","TO04",5,"Y","C",25,75,0,0,0,0,0,0,0,"TO045","CompAbsent"
"TO04N5","TO04",5,"N","C",20,75,5,0,0,0,0,0,0,"TO045","CompPresent"
"AE10G2","AE10",2,"Y","C",100,0,0,0,0,0,0,0,0,"AE102","CompAbsent"
"AE10N4","AE10",4,"N","C",100,0,0,0,0,0,0,0,0,"AE104","CompPresent"
"AE10G4","AE10",4,"Y","C",100,0,0,0,0,0,0,0,0,"AE104","CompAbsent"
"HIGHG1","HIGH",1,"Y","C",100,0,0,0,0,0,0,0,0,"HIGH1","CompAbsent"
"HIGHN1","HIGH",1,"N","C",96,4,0,0,0,0,0,0,0,"HIGH1","CompPresent"
"HIGHG2","HIGH",2,"Y","C",90,0,0,0,0,10,0,0,0,"HIGH2","CompAbsent"
"HIGHN2","HIGH",2,"N","C",100,0,0,0,0,0,0,0,0,"HIGH2","CompPresent"
"HIGHG3","HIGH",3,"Y","C",94,1,0,0,0,5,0,0,0,"HIGH3","CompAbsent"
"PARAG1","PARA",1,"Y","C",95,5,0,0,0,0,0,0,0,"PARA1","CompAbsent"
"PARAN1","PARA",1,"N","C",98,2,0,0,0,0,0,0,0,"PARA1","CompPresent"
"PARAN2","PARA",2,"N","C",100,0,0,0,0,0,0,0,0,"PARA2","CompPresent"
"AE10G1","AE10",1,"Y","D",100,0,0,0,0,0,0,0,0,"AE101","CompAbsent"
"AE10N1","AE10",1,"N","D",100,0,0,0,0,0,0,0,0,"AE101","CompPresent"
"AE10N2","AE10",2,"N","D",100,0,0,0,0,0,0,0,0,"AE102","CompPresent"
"AE10G3","AE10",3,"Y","D",100,0,0,0,0,0,0,0,0,"AE103","CompAbsent"
"AE10N3","AE10",3,"N","D",100,0,0,0,0,0,0,0,0,"AE103","CompPresent"
"AE10G5","AE10",5,"Y","D",95,5,0,0,0,0,0,0,0,"AE105","CompAbsent"
"AE10N5","AE10",5,"N","D",98,2,0,0,0,0,0,0,0,"AE105","CompPresent"
"AM16G1","AM16",1,"Y","D",16,80,0,0,0,0,0,0,0,"AM161","CompAbsent"
"AM16N1","AM16",1,"N","D",90,10,0,0,0,0,0,0,0,"AM161","CompPresent"
"AM16G2","AM16",2,"Y","D",60,40,0,0,0,0,0,0,0,"AM162","CompAbsent"
"AM16N2","AM16",2,"N","D",50,50,0,0,0,0,0,0,0,"AM162","CompPresent"
"AM16G3","AM16",3,"Y","D",50,50,0,0,0,0,0,0,0,"AM163","CompAbsent"
"AM16N3","AM16",3,"N","D",100,0,0,0,0,0,0,0,0,"AM163","CompPresent"
"AM16G4","AM16",4,"Y","D",60,30,10,0,0,0,0,0,0,"AM164","CompAbsent"
"AM16N4","AM16",4,"N","D",95,5,0,0,0,0,0,0,0,"AM164","CompPresent"
"AM16G5","AM16",5,"Y","D",50,50,0,0,0,0,0,0,0,"AM165","CompAbsent"
"AM16N5","AM16",5,"N","D",60,32,8,0,0,0,0,0,0,"AM165","CompPresent"
"AV06G1","AV06",1,"Y","D",10,88,2,0,0,0,0,0,0,"AV061","CompAbsent"
"AV06N1","AV06",1,"N","D",100,0,0,0,0,0,0,0,0,"AV061","CompPresent"
"AV06G2","AV06",2,"Y","D",10,88,2,0,0,0,0,0,0,"AV062","CompAbsent"
"AV06N2","AV06",2,"N","D",97,3,0,0,0,0,0,0,0,"AV062","CompPresent"
"AV06G3","AV06",3,"Y","D",10,90,0,0,0,0,0,0,0,"AV063","CompAbsent"
"AV06N3","AV06",3,"N","D",25,75,0,0,0,0,0,0,0,"AV063","CompPresent"
"AV06G4","AV06",4,"Y","D",15,85,0,0,0,0,0,0,0,"AV064","CompAbsent"
"AV06N4","AV06",4,"N","D",92,2,6,0,0,0,0,0,0,"AV064","CompPresent"
"AV06G5","AV06",5,"Y","D",25,75,0,0,0,0,0,0,0,"AV065","CompAbsent"
"AV06N5","AV06",5,"N","D",40,60,0,0,0,0,0,0,0,"AV065","CompPresent"
"HIGHN3","HIGH",3,"N","D",100,0,0,0,0,0,0,0,0,"HIGH3","CompPresent"
"HIGHG4","HIGH",4,"Y","D",99,1,0,0,0,0,0,0,0,"HIGH4","CompAbsent"
"HIGHN4","HIGH",4,"N","D",80,0,20,0,0,0,0,0,0,"HIGH4","CompPresent"
"HIGHG5","HIGH",5,"Y","D",100,0,0,0,0,0,0,0,0,"HIGH5","CompAbsent"
"HIGHN5","HIGH",5,"N","D",100,0,0,0,0,0,0,0,0,"HIGH5","CompPresent"
"NISQG1","NISQ",1,"Y","D",99,1,0,0,0,0,0,0,0,"NISQ1","CompAbsent"
"NISQN1","NISQ",1,"N","D",95,5,0,0,0,0,0,0,0,"NISQ1","CompPresent"
"NISQG2","NISQ",2,"Y","D",25,75,0,0,0,0,0,0,0,"NISQ2","CompAbsent"
"NISQN2","NISQ",2,"N","D",99,1,0,0,0,0,0,0,0,"NISQ2","CompPresent"
"NISQG3","NISQ",3,"Y","D",95,5,0,0,0,0,0,0,0,"NISQ3","CompAbsent"
"NISQN3","NISQ",3,"N","D",95,5,0,0,0,0,0,0,0,"NISQ3","CompPresent"
"NISQG4","NISQ",4,"Y","D",99,1,0,0,0,0,0,0,0,"NISQ4","CompAbsent"
"NISQN4","NISQ",4,"N","D",50,50,0,0,0,0,0,0,0,"NISQ4","CompPresent"
"NISQG5","NISQ",5,"Y","D",80,5,20,0,0,0,0,0,0,"NISQ5","CompAbsent"
"NISQN5","NISQ",5,"N","D",90,5,0,0,0,0,0,5,0,"NISQ5","CompPresent"
"PARAG3","PARA",3,"Y","D",55,40,5,0,0,0,0,0,0,"PARA3","CompAbsent"
"PARAN3","PARA",3,"N","D",100,0,0,0,0,0,0,0,0,"PARA3","CompPresent"
"PARAG4","PARA",4,"Y","D",100,0,0,0,0,0,0,0,0,"PARA4","CompAbsent"
"PARAN4","PARA",4,"N","D",100,0,0,0,0,0,0,0,0,"PARA4","CompPresent"
"PARAG5","PARA",5,"Y","D",100,0,0,0,0,0,0,0,0,"PARA5","CompAbsent"
"PARAN5","PARA",5,"N","D",100,0,0,0,0,0,0,0,0,"PARA5","CompPresent"
"TO04G1","TO04",1,"Y","D",100,0,0,0,0,0,0,0,0,"TO041","CompAbsent"
"TO04N1","TO04",1,"N","D",80,20,0,0,0,0,0,0,0,"TO041","CompPresent"
"TO04G2","TO04",2,"Y","D",20,80,0,0,0,0,0,0,0,"TO042","CompAbsent"
"TO04N2","TO04",2,"N","D",40,60,0,0,0,0,0,0,0,"TO042","CompPresent"
"TO04G3","TO04",3,"Y","D",50,50,0,0,0,0,0,0,0,"TO043","CompAbsent"
"TO04N3","TO04",3,"N","D",50,50,0,0,0,0,0,0,0,"TO043","CompPresent"
"TO04G4","TO04",4,"Y","D",70,20,10,0,0,0,0,0,0,"TO044","CompAbsent"
"TO04N4","TO04",4,"N","D",70,24,6,0,0,0,0,0,0,"TO044","CompPresent"
"TO04G5","TO04",5,"Y","D",40,60,0,0,0,0,0,0,0,"TO045","CompAbsent"
"TO04N5","TO04",5,"N","D",85,12,3,0,0,0,0,0,0,"TO045","CompPresent"
"AE10G2","AE10",2,"Y","D",100,0,0,0,0,0,0,0,0,"AE102","CompAbsent"
"AE10N4","AE10",4,"N","D",100,0,0,0,0,0,0,0,0,"AE104","CompPresent"
"AE10G4","AE10",4,"Y","D",100,0,0,0,0,0,0,0,0,"AE104","CompAbsent"
"HIGHG1","HIGH",1,"Y","D",100,0,0,0,0,0,0,0,0,"HIGH1","CompAbsent"
"HIGHN1","HIGH",1,"N","D",100,0,0,0,0,0,0,0,0,"HIGH1","CompPresent"
"HIGHG2","HIGH",2,"Y","D",100,0,0,0,0,0,0,0,0,"HIGH2","CompAbsent"
"HIGHN2","HIGH",2,"N","D",100,0,0,0,0,0,0,0,0,"HIGH2","CompPresent"
"HIGHG3","HIGH",3,"Y","D",97,1,0,0,0,2,0,0,0,"HIGH3","CompAbsent"
"PARAG1","PARA",1,"Y","D",98,2,0,0,0,0,0,0,0,"PARA1","CompAbsent"
"PARAN1","PARA",1,"N","D",100,0,0,0,0,0,0,0,0,"PARA1","CompPresent"
"PARAN2","PARA",2,"N","D",100,0,0,0,0,0,0,0,0,"PARA2","CompPresent"
"AE10G1","AE10",1,"Y","E",99,1,0,0,0,0,0,0,0,"AE101","CompAbsent"
"AE10N1","AE10",1,"N","E",100,0,0,0,0,0,0,0,0,"AE101","CompPresent"
"AE10N2","AE10",2,"N","E",98,2,0,0,0,0,0,0,0,"AE102","CompPresent"
"AE10G3","AE10",3,"Y","E",95,5,0,0,0,0,0,0,0,"AE103","CompAbsent"
"AE10N3","AE10",3,"N","E",100,0,0,0,0,0,0,0,0,"AE103","CompPresent"
"AE10G4","AE10",4,"Y","E",100,0,0,0,0,0,0,0,0,"AE104","CompAbsent"
"AE10G5","AE10",5,"Y","E",95,5,0,0,0,0,0,0,0,"AE105","CompAbsent"
"AE10N5","AE10",5,"N","E",100,0,0,0,0,0,0,0,0,"AE105","CompPresent"
"AM16G1","AM16",1,"Y","E",75,25,0,0,0,0,0,0,0,"AM161","CompAbsent"
"AM16N1","AM16",1,"N","E",75,24,1,0,0,0,0,0,0,"AM161","CompPresent"
"AM16G2","AM16",2,"Y","E",25,75,0,0,0,0,0,0,0,"AM162","CompAbsent"
"AM16N2","AM16",2,"N","E",10,90,0,0,0,0,0,0,0,"AM162","CompPresent"
"AM16G3","AM16",3,"Y","E",50,50,0,0,0,0,0,0,0,"AM163","CompAbsent"
"AM16N3","AM16",3,"N","E",98,2,0,0,0,0,0,0,0,"AM163","CompPresent"
"AM16G4","AM16",4,"Y","E",80,10,4,0,0,0,0,0,0,"AM164","CompAbsent"
"AM16N4","AM16",4,"N","E",99,1,0,0,0,0,0,0,0,"AM164","CompPresent"
"AM16G5","AM16",5,"Y","E",40,60,0,0,0,0,0,0,0,"AM165","CompAbsent"
"AM16N5","AM16",5,"N","E",99,1,0,0,0,0,0,0,0,"AM165","CompPresent"
"AV06G1","AV06",1,"Y","E",28,70,2,0,0,0,0,0,0,"AV061","CompAbsent"
"AV06N1","AV06",1,"N","E",95,5,0,0,0,0,0,0,0,"AV061","CompPresent"
"AV06G2","AV06",2,"Y","E",25,75,0,0,0,0,0,0,0,"AV062","CompAbsent"
"AV06N2","AV06",2,"N","E",100,0,0,0,0,0,0,0,0,"AV062","CompPresent"
"AV06G3","AV06",3,"Y","E",50,50,0,0,0,0,0,0,0,"AV063","CompAbsent"
"AV06N3","AV06",3,"N","E",25,75,0,0,0,0,0,0,0,"AV063","CompPresent"
"AV06G4","AV06",4,"Y","E",10,90,0,0,0,0,0,0,0,"AV064","CompAbsent"
"AV06N4","AV06",4,"N","E",99,1,0,0,0,0,0,0,0,"AV064","CompPresent"
"AV06G5","AV06",5,"Y","E",45,50,5,0,0,0,0,0,0,"AV065","CompAbsent"
"AV06N5","AV06",5,"N","E",60,40,0,0,0,0,0,0,0,"AV065","CompPresent"
"HIGHG1","HIGH",1,"Y","E",99,1,0,0,0,0,0,0,0,"HIGH1","CompAbsent"
"HIGHN1","HIGH",1,"N","E",100,0,0,0,0,0,0,0,0,"HIGH1","CompPresent"
"HIGHG2","HIGH",2,"Y","E",75,25,0,0,0,0,0,0,0,"HIGH2","CompAbsent"
"HIGHN2","HIGH",2,"N","E",100,0,0,0,0,0,0,0,0,"HIGH2","CompPresent"
"HIGHG3","HIGH",3,"Y","E",85,15,0,0,2,0,0,0,0,"HIGH3","CompAbsent"
"HIGHN3","HIGH",3,"N","E",100,0,0,0,0,0,0,0,0,"HIGH3","CompPresent"
"HIGHG4","HIGH",4,"Y","E",99,1,0,0,0,0,0,0,0,"HIGH4","CompAbsent"
"HIGHN4","HIGH",4,"N","E",99,1,0,0,0,0,0,0,0,"HIGH4","CompPresent"
"HIGHG5","HIGH",5,"Y","E",100,0,0,0,0,0,0,0,0,"HIGH5","CompAbsent"
"HIGHN5","HIGH",5,"N","E",100,0,0,0,0,0,0,0,0,"HIGH5","CompPresent"
"NISQG1","NISQ",1,"Y","E",85,15,0,0,0,0,0,0,0,"NISQ1","CompAbsent"
"NISQN1","NISQ",1,"N","E",95,5,0,0,0,0,0,0,0,"NISQ1","CompPresent"
"NISQG2","NISQ",2,"Y","E",100,0,0,0,0,0,0,0,0,"NISQ2","CompAbsent"
"NISQN2","NISQ",2,"N","E",100,0,0,0,0,0,0,0,0,"NISQ2","CompPresent"
"NISQG3","NISQ",3,"Y","E",99,1,0,0,0,0,0,0,0,"NISQ3","CompAbsent"
"NISQN3","NISQ",3,"N","E",95,5,0,0,0,0,0,0,0,"NISQ3","CompPresent"
"NISQG4","NISQ",4,"Y","E",100,0,0,0,0,0,0,0,0,"NISQ4","CompAbsent"
"NISQN4","NISQ",4,"N","E",25,75,0,0,0,0,0,0,0,"NISQ4","CompPresent"
"NISQG5","NISQ",5,"Y","E",95,3,0,0,0,0,2,0,0,"NISQ5","CompAbsent"
"NISQN5","NISQ",5,"N","E",1,99,0,0,0,0,0,0,0,"NISQ5","CompPresent"
"PARAG1","PARA",1,"Y","E",95,5,0,0,0,0,0,0,0,"PARA1","CompAbsent"
"PARAN1","PARA",1,"N","E",100,0,0,0,0,0,0,0,0,"PARA1","CompPresent"
"PARAG2","PARA",2,"Y","E",99,1,0,0,0,0,0,0,0,"PARA2","CompAbsent"
"PARAN2","PARA",2,"N","E",95,2,3,0,0,0,0,0,0,"PARA2","CompPresent"
"PARAG3","PARA",3,"Y","E",70,10,20,0,0,0,0,0,0,"PARA3","CompAbsent"
"PARAN3","PARA",3,"N","E",100,0,0,0,0,0,0,0,0,"PARA3","CompPresent"
"PARAG4","PARA",4,"Y","E",100,0,0,0,0,0,0,0,0,"PARA4","CompAbsent"
"PARAN4","PARA",4,"N","E",100,0,0,0,0,0,0,0,0,"PARA4","CompPresent"
"PARAG5","PARA",5,"Y","E",98,2,0,0,0,0,0,0,0,"PARA5","CompAbsent"
"PARAN5","PARA",5,"N","E",100,0,0,0,0,0,0,0,0,"PARA5","CompPresent"
"TO04G1","TO04",1,"Y","E",0,0,5,0,0,0,0,0,0,"TO041","CompAbsent"
"TO04N1","TO04",1,"N","E",75,25,0,0,0,0,0,0,0,"TO041","CompPresent"
"TO04G2","TO04",2,"Y","E",2,98,0,0,0,0,0,0,0,"TO042","CompAbsent"
"TO04N2","TO04",2,"N","E",75,15,10,0,0,0,0,0,0,"TO042","CompPresent"
"TO04G3","TO04",3,"Y","E",90,5,5,0,0,0,0,0,0,"TO043","CompAbsent"
"TO04N3","TO04",3,"N","E",40,60,0,0,0,0,0,0,0,"TO043","CompPresent"
"TO04G4","TO04",4,"Y","E",40,40,20,0,0,0,0,0,0,"TO044","CompAbsent"
"TO04N4","TO04",4,"N","E",85,15,0,0,0,0,0,0,0,"TO044","CompPresent"
"TO04G5","TO04",5,"Y","E",40,60,0,0,0,0,0,0,0,"TO045","CompAbsent"
"TO04N5","TO04",5,"N","E",70,25,5,0,0,0,0,0,0,"TO045","CompPresent"
"AE10G2","AE10",2,"Y","E",98,2,0,0,0,0,0,0,0,"AE102","CompAbsent"
"AE10N4","AE10",4,"N","E",100,0,0,0,0,0,0,0,0,"AE104","CompPresent"
"AE10G1","AE10",1,"Y","F",60,40,0,0,0,0,0,0,0,"AE101","CompAbsent"
"AE10N1","AE10",1,"N","F",100,0,0,0,0,0,0,0,0,"AE101","CompPresent"
"AE10G2","AE10",2,"Y","F",100,0,0,0,0,0,0,0,0,"AE102","CompAbsent"
"AE10N2","AE10",2,"N","F",100,0,0,0,0,0,0,0,0,"AE102","CompPresent"
"AE10G3","AE10",3,"Y","F",100,0,0,0,0,0,0,0,0,"AE103","CompAbsent"
"AE10N3","AE10",3,"N","F",78,2,20,0,0,0,0,0,0,"AE103","CompPresent"
"AE10G4","AE10",4,"Y","F",100,0,0,0,0,0,0,0,0,"AE104","CompAbsent"
"AE10N4","AE10",4,"N","F",100,0,0,0,0,0,0,0,0,"AE104","CompPresent"
"AE10G5","AE10",5,"Y","F",100,0,0,0,0,0,0,0,0,"AE105","CompAbsent"
"AE10N5","AE10",5,"N","F",50,50,0,0,0,0,0,0,0,"AE105","CompPresent"
"AM16G1","AM16",1,"Y","F",50,50,0,0,0,0,0,0,0,"AM161","CompAbsent"
"AM16N1","AM16",1,"N","F",95,5,0,0,0,0,0,0,0,"AM161","CompPresent"
"AM16G2","AM16",2,"Y","F",20,80,0,0,0,0,0,0,0,"AM162","CompAbsent"
"AM16N2","AM16",2,"N","F",95,5,0,0,0,0,0,0,0,"AM162","CompPresent"
"AM16G3","AM16",3,"Y","F",50,50,0,0,0,0,0,0,0,"AM163","CompAbsent"
"AM16N3","AM16",3,"N","F",25,75,0,0,0,0,0,0,0,"AM163","CompPresent"
"AM16G4","AM16",4,"Y","F",50,20,30,0,0,0,0,0,0,"AM164","CompAbsent"
"AM16N4","AM16",4,"N","F",95,5,0,0,0,0,0,0,0,"AM164","CompPresent"
"AM16G5","AM16",5,"Y","F",40,60,0,0,0,0,0,0,0,"AM165","CompAbsent"
"AM16N5","AM16",5,"N","F",98,2,0,0,0,0,0,0,0,"AM165","CompPresent"
"AV06G1","AV06",1,"Y","F",10,90,0,0,0,0,0,0,0,"AV061","CompAbsent"
"AV06N1","AV06",1,"N","F",99,1,0,0,0,0,0,0,0,"AV061","CompPresent"
"AV06G2","AV06",2,"Y","F",50,40,10,0,0,0,0,0,0,"AV062","CompAbsent"
"AV06N2","AV06",2,"N","F",99,1,0,0,0,0,0,0,0,"AV062","CompPresent"
"AV06G3","AV06",3,"Y","F",25,71,0,4,0,0,0,0,0,"AV063","CompAbsent"
"AV06N3","AV06",3,"N","F",70,28,2,0,0,0,0,0,0,"AV063","CompPresent"
"AV06G4","AV06",4,"Y","F",60,40,0,0,0,0,0,0,0,"AV064","CompAbsent"
"AV06N4","AV06",4,"N","F",94,5,0,0,0,0,0,0,0,"AV064","CompPresent"
"AV06N5","AV06",5,"N","F",98,2,0,0,0,0,0,0,0,"AV065","CompPresent"
"AV06N5","AV06",5,"N","F",80,20,0,0,0,0,0,0,0,"AV065","CompPresent"
"HIGHG1","HIGH",1,"Y","F",99,1,0,0,0,0,0,0,0,"HIGH1","CompAbsent"
"HIGHN1","HIGH",1,"N","F",100,0,0,0,0,0,0,0,0,"HIGH1","CompPresent"
"HIGHG2","HIGH",2,"Y","F",100,0,0,0,1,0,0,0,0,"HIGH2","CompAbsent"
"HIGHN2","HIGH",2,"N","F",100,0,0,0,5,0,0,0,0,"HIGH2","CompPresent"
"HIGHG3","HIGH",3,"Y","F",90,10,0,0,1,0,0,0,0,"HIGH3","CompAbsent"
"HIGHN3","HIGH",3,"N","F",98,2,0,0,0,0,0,0,0,"HIGH3","CompPresent"
"HIGHG4","HIGH",4,"Y","F",100,0,0,0,0,0,0,0,0,"HIGH4","CompAbsent"
"HIGHN4","HIGH",4,"N","F",100,0,0,0,0,0,0,0,0,"HIGH4","CompPresent"
"HIGHG5","HIGH",5,"Y","F",100,0,0,0,0,0,0,0,0,"HIGH5","CompAbsent"
"HIGHN5","HIGH",5,"N","F",100,0,0,0,0,0,0,0,0,"HIGH5","CompPresent"
"NISQN1","NISQ",1,"N","F",99,1,0,0,0,0,0,0,0,"NISQ1","CompPresent"
"NISQG2","NISQ",2,"Y","F",80,20,0,0,0,0,0,0,0,"NISQ2","CompAbsent"
"NISQN2","NISQ",2,"N","F",100,10,10,0,0,0,0,0,0,"NISQ2","CompPresent"
"NISQG3","NISQ",3,"Y","F",20,80,0,0,0,0,0,0,0,"NISQ3","CompAbsent"
"NISQN3","NISQ",3,"N","F",95,5,0,0,0,0,0,0,0,"NISQ3","CompPresent"
"NISQG4","NISQ",4,"Y","F",80,20,0,0,0,0,0,0,0,"NISQ4","CompAbsent"
"NISQN4","NISQ",4,"N","F",75,25,0,0,0,0,0,0,0,"NISQ4","CompPresent"
"NISQG5","NISQ",5,"Y","F",50,50,0,0,0,0,0,0,0,"NISQ5","CompAbsent"
"NISQN5","NISQ",5,"N","F",90,10,0,0,0,0,0,0,0,"NISQ5","CompPresent"
"PARAG1","PARA",1,"Y","F",98,2,0,0,0,0,0,0,0,"PARA1","CompAbsent"
"PARAN1","PARA",1,"N","F",100,0,0,0,0,0,0,0,0,"PARA1","CompPresent"
"PARAG2","PARA",2,"Y","F",96,4,0,0,0,0,0,0,0,"PARA2","CompAbsent"
"PARAN2","PARA",2,"N","F",63,2,35,0,0,0,0,0,0,"PARA2","CompPresent"
"PARAG3","PARA",3,"Y","F",98,2,0,0,0,0,0,0,0,"PARA3","CompAbsent"
"PARAN3","PARA",3,"N","F",100,0,0,0,0,0,0,0,0,"PARA3","CompPresent"
"PARAG4","PARA",4,"Y","F",99,0,1,0,0,0,0,0,0,"PARA4","CompAbsent"
"PARAN4","PARA",4,"N","F",100,0,0,0,0,0,0,0,0,"PARA4","CompPresent"
"PARAG5","PARA",5,"Y","F",100,0,0,0,0,0,0,0,0,"PARA5","CompAbsent"
"PARAN5","PARA",5,"N","F",100,0,0,0,0,0,0,0,0,"PARA5","CompPresent"
"TO04G1","TO04",1,"Y","F",75,25,0,0,0,0,0,0,0,"TO041","CompAbsent"
"TO04N1","TO04",1,"N","F",90,10,0,0,0,0,0,0,0,"TO041","CompPresent"
"TO04G2","TO04",2,"Y","F",10,90,0,0,0,0,0,0,0,"TO042","CompAbsent"
"TO04N2","TO04",2,"N","F",85,15,0,0,0,0,0,0,0,"TO042","CompPresent"
"TO04G3","TO04",3,"Y","F",75,25,0,0,0,0,0,0,0,"TO043","CompAbsent"
"TO04N3","TO04",3,"N","F",60,30,10,0,0,0,0,0,0,"TO043","CompPresent"
"TO04G4","TO04",4,"Y","F",98,2,0,0,0,0,0,0,0,"TO044","CompAbsent"
"TO04N4","TO04",4,"N","F",50,50,0,0,0,0,0,0,0,"TO044","CompPresent"
"TO04G5","TO04",5,"Y","F",75,25,0,0,0,0,0,0,0,"TO045","CompAbsent"
"TO04N5","TO04",5,"N","F",60,40,0,0,0,0,0,0,0,"TO045","CompPresent"
"AE10G1","AE10",1,"Y","G",100,0,0,0,0,0,0,0,0,"AE101","CompAbsent"
"AE10N1","AE10",1,"N","G",100,0,0,0,0,0,0,0,0,"AE101","CompPresent"
"AE10G2","AE10",2,"Y","G",100,0,0,0,0,0,0,0,0,"AE102","CompAbsent"
"AE10N2","AE10",2,"N","G",100,0,0,0,0,0,0,0,0,"AE102","CompPresent"
"AE10G3","AE10",3,"Y","G",100,0,0,0,0,0,0,0,0,"AE103","CompAbsent"
"AE10N3","AE10",3,"N","G",94,0,4,0,0,0,0,5,0,"AE103","CompPresent"
"AE10N4","AE10",4,"N","G",100,0,0,0,0,0,0,0,0,"AE104","CompPresent"
"AE10G5","AE10",5,"Y","G",100,0,0,0,0,0,0,0,0,"AE105","CompAbsent"
"AE10N5","AE10",5,"N","G",100,0,0,0,0,0,0,0,0,"AE105","CompPresent"
"AM16G1","AM16",1,"Y","G",15,85,0,0,0,0,0,0,0,"AM161","CompAbsent"
"AM16N1","AM16",1,"N","G",75,25,0,0,0,0,0,0,0,"AM161","CompPresent"
"AM16G2","AM16",2,"Y","G",20,80,0,0,0,0,0,0,0,"AM162","CompAbsent"
"AM16N2","AM16",2,"N","G",98,2,0,0,0,0,0,0,0,"AM162","CompPresent"
"AM16G3","AM16",3,"Y","G",50,50,0,0,0,0,0,0,0,"AM163","CompAbsent"
"AM16N3","AM16",3,"N","G",60,40,0,0,0,0,0,0,0,"AM163","CompPresent"
"AM16G4","AM16",4,"Y","G",10,50,40,0,0,0,0,0,0,"AM164","CompAbsent"
"AM16N4","AM16",4,"N","G",90,10,0,0,0,0,0,0,0,"AM164","CompPresent"
"AM16G5","AM16",5,"Y","G",40,60,0,0,0,0,0,0,0,"AM165","CompAbsent"
"AM16N5","AM16",5,"N","G",90,10,0,0,0,0,0,0,0,"AM165","CompPresent"
"AV06G1","AV06",1,"Y","G",25,75,0,0,0,0,0,0,0,"AV061","CompAbsent"
"AV06N1","AV06",1,"N","G",100,0,0,0,0,0,0,0,0,"AV061","CompPresent"
"AV06G2","AV06",2,"Y","G",50,40,10,0,0,0,0,0,0,"AV062","CompAbsent"
"AV06N2","AV06",2,"N","G",92,8,0,0,0,0,0,0,0,"AV062","CompPresent"
"AV06G3","AV06",3,"Y","G",15,85,0,0,0,0,0,0,0,"AV063","CompAbsent"
"AV06N3","AV06",3,"N","G",85,15,0,0,0,0,0,0,0,"AV063","CompPresent"
"AV06G4","AV06",4,"Y","G",90,10,0,0,0,0,0,0,0,"AV064","CompAbsent"
"AV06N4","AV06",4,"N","G",95,5,0,0,0,0,0,0,0,"AV064","CompPresent"
"AV06N5","AV06",5,"N","G",90,10,0,0,0,0,0,0,0,"AV065","CompPresent"
"AV06N5","AV06",5,"N","G",80,10,10,0,0,0,0,0,0,"AV065","CompPresent"
"HIGHN3","HIGH",3,"N","G",100,0,0,0,0,0,0,0,0,"HIGH3","CompPresent"
"HIGHG4","HIGH",4,"Y","G",100,0,0,0,0,0,0,0,0,"HIGH4","CompAbsent"
"HIGHN4","HIGH",4,"N","G",100,0,0,0,0,0,0,0,0,"HIGH4","CompPresent"
"HIGHG5","HIGH",5,"Y","G",100,0,0,0,0,0,0,0,0,"HIGH5","CompAbsent"
"HIGHN5","HIGH",5,"N","G",100,0,0,0,0,0,0,0,0,"HIGH5","CompPresent"
"PARAG2","PARA",2,"Y","G",94,6,0,0,0,0,0,0,0,"PARA2","CompAbsent"
"PARAG4","PARA",4,"Y","G",80,10,10,0,0,0,0,0,0,"PARA4","CompAbsent"
"PARAN4","PARA",4,"N","G",98,0,2,0,0,0,0,0,0,"PARA4","CompPresent"
"PARAG5","PARA",5,"Y","G",100,0,0,0,0,0,0,0,0,"PARA5","CompAbsent"
"PARAN5","PARA",5,"N","G",100,0,20,0,0,0,0,0,0,"PARA5","CompPresent"
"TO04G1","TO04",1,"Y","G",50,50,0,0,0,0,0,0,0,"TO041","CompAbsent"
"TO04N1","TO04",1,"N","G",60,40,0,0,0,0,0,0,0,"TO041","CompPresent"
"TO04G2","TO04",2,"Y","G",10,90,0,0,0,0,0,0,0,"TO042","CompAbsent"
"TO04N2","TO04",2,"N","G",60,40,0,0,0,0,0,0,0,"TO042","CompPresent"
"TO04G3","TO04",3,"Y","G",80,20,0,0,0,0,0,0,0,"TO043","CompAbsent"
"TO04N3","TO04",3,"N","G",20,80,0,0,0,0,0,0,0,"TO043","CompPresent"
"TO04G4","TO04",4,"Y","G",99,1,0,0,0,0,0,0,0,"TO044","CompAbsent"
"TO04N4","TO04",4,"N","G",75,25,0,0,0,0,0,0,0,"TO044","CompPresent"
"TO04G5","TO04",5,"Y","G",90,10,0,0,0,0,0,0,0,"TO045","CompAbsent"
"TO04N5","TO04",5,"N","G",60,40,0,0,0,0,0,0,0,"TO045","CompPresent"
"AE10G4","AE10",4,"Y","G",100,0,0,0,0,0,0,0,0,"AE104","CompAbsent"
"HIGHG1","HIGH",1,"Y","G",100,0,0,0,0,0,0,0,0,"HIGH1","CompAbsent"
"HIGHN1","HIGH",1,"N","G",100,0,0,0,0,0,0,0,0,"HIGH1","CompPresent"
"HIGHG2","HIGH",2,"Y","G",100,0,0,0,0,0,0,0,0,"HIGH2","CompAbsent"
"HIGHN2","HIGH",2,"N","G",100,0,0,0,0,0,0,0,0,"HIGH2","CompPresent"
"HIGHG3","HIGH",3,"Y","G",98,0,0,0,0,2,0,0,0,"HIGH3","CompAbsent"
"PARAG1","PARA",1,"Y","G",99,1,0,0,0,0,0,0,0,"PARA1","CompAbsent"
"PARAN1","PARA",1,"N","G",96,0,4,0,0,0,0,0,0,"PARA1","CompPresent"
"PARAN2","PARA",2,"N","G",100,0,0,0,0,0,0,0,0,"PARA2","CompPresent"
"PARAG3","PARA",3,"Y","G",89,10,1,0,0,0,0,0,0,"PARA3","CompAbsent"
"PARAN3","PARA",3,"N","G",100,0,0,0,0,0,0,0,0,"PARA3","CompPresent"
"AE10G1","AE10",1,"Y","H",100,0,0,0,0,0,0,0,0,"AE101","CompAbsent"
"AE10N1","AE10",1,"N","H",100,0,0,0,0,0,0,0,0,"AE101","CompPresent"
"AE10N2","AE10",2,"N","H",100,0,0,0,0,0,0,0,0,"AE102","CompPresent"
"AE10G3","AE10",3,"Y","H",99,1,0,0,0,0,0,0,0,"AE103","CompAbsent"
"AE10N3","AE10",3,"N","H",95,3,2,0,0,0,0,0,0,"AE103","CompPresent"
"AE10G5","AE10",5,"Y","H",100,0,0,0,0,0,0,0,0,"AE105","CompAbsent"
"AE10N5","AE10",5,"N","H",100,0,0,0,0,0,0,0,0,"AE105","CompPresent"
"AM16G1","AM16",1,"Y","H",25,75,0,0,0,0,0,0,0,"AM161","CompAbsent"
"AM16N1","AM16",1,"N","H",75,25,0,0,0,0,0,0,0,"AM161","CompPresent"
"AM16G2","AM16",2,"Y","H",20,80,0,0,0,0,0,0,0,"AM162","CompAbsent"
"AM16N2","AM16",2,"N","H",98,2,0,0,0,0,0,0,0,"AM162","CompPresent"
"AM16G3","AM16",3,"Y","H",25,75,0,0,0,0,0,0,0,"AM163","CompAbsent"
"AM16N3","AM16",3,"N","H",99,1,0,0,0,0,0,0,0,"AM163","CompPresent"
"AM16G4","AM16",4,"Y","H",10,90,0,0,0,0,0,0,0,"AM164","CompAbsent"
"AM16N4","AM16",4,"N","H",70,30,0,0,0,0,0,0,0,"AM164","CompPresent"
"AM16G5","AM16",5,"Y","H",40,60,0,0,0,0,0,0,0,"AM165","CompAbsent"
"AM16N5","AM16",5,"N","H",90,10,0,0,0,0,0,0,0,"AM165","CompPresent"
"AV06G1","AV06",1,"Y","H",25,75,0,0,0,0,0,0,0,"AV061","CompAbsent"
"AV06N1","AV06",1,"N","H",100,0,0,0,0,0,0,0,0,"AV061","CompPresent"
"AV06G2","AV06",2,"Y","H",45,30,25,0,0,0,0,0,0,"AV062","CompAbsent"
"AV06N2","AV06",2,"N","H",75,5,20,0,0,0,0,0,0,"AV062","CompPresent"
"AV06G3","AV06",3,"Y","H",50,50,0,0,0,0,0,0,0,"AV063","CompAbsent"
"AV06N3","AV06",3,"N","H",50,50,0,0,0,0,0,0,0,"AV063","CompPresent"
"AV06G4","AV06",4,"Y","H",95,5,0,0,0,0,0,0,0,"AV064","CompAbsent"
"AV06N4","AV06",4,"N","H",100,0,0,0,0,0,0,0,0,"AV064","CompPresent"
"AV06G5","AV06",5,"Y","H",75,25,0,0,0,0,0,0,0,"AV065","CompAbsent"
"AV06N5","AV06",5,"N","H",98,2,0,0,0,0,0,0,0,"AV065","CompPresent"
"HIGHG4","HIGH",4,"Y","H",75,25,0,0,0,0,0,0,0,"HIGH4","CompAbsent"
"HIGHN4","HIGH",4,"N","H",100,0,0,0,0,0,0,0,0,"HIGH4","CompPresent"
"HIGHG5","HIGH",5,"Y","H",100,0,0,0,0,0,0,0,0,"HIGH5","CompAbsent"
"HIGHN5","HIGH",5,"N","H",100,0,0,0,0,0,0,0,0,"HIGH5","CompPresent"
"PARAG2","PARA",2,"Y","H",98,2,0,0,0,0,0,0,0,"PARA2","CompAbsent"
"PARAN3","PARA",3,"N","H",100,0,0,0,0,0,0,0,0,"PARA3","CompPresent"
"PARAG4","PARA",4,"Y","H",97,3,0,0,0,0,0,0,0,"PARA4","CompAbsent"
"PARAN4","PARA",4,"N","H",100,0,0,0,0,0,0,0,0,"PARA4","CompPresent"
"PARAG5","PARA",5,"Y","H",100,0,0,0,0,0,0,0,0,"PARA5","CompAbsent"
"PARAN5","PARA",5,"N","H",100,0,0,0,0,0,0,0,0,"PARA5","CompPresent"
"TO04G1","TO04",1,"Y","H",40,60,0,0,0,0,0,0,0,"TO041","CompAbsent"
"TO04N1","TO04",1,"N","H",75,25,0,0,0,0,0,0,0,"TO041","CompPresent"
"TO04G2","TO04",2,"Y","H",50,50,0,0,0,0,0,0,0,"TO042","CompAbsent"
"TO04N2","TO04",2,"N","H",60,40,0,0,0,0,0,0,0,"TO042","CompPresent"
"TO04G3","TO04",3,"Y","H",40,60,0,0,0,0,0,0,0,"TO043","CompAbsent"
"TO04N3","TO04",3,"N","H",40,60,0,0,0,0,0,0,0,"TO043","CompPresent"
"TO04G4","TO04",4,"Y","H",99,1,0,0,0,0,0,0,0,"TO044","CompAbsent"
"TO04N4","TO04",4,"N","H",65,35,0,0,0,0,0,0,0,"TO044","CompPresent"
"TO04G5","TO04",5,"Y","H",75,25,0,0,0,0,0,0,0,"TO045","CompAbsent"
"TO04N5","TO04",5,"N","H",70,30,0,0,0,0,0,0,0,"TO045","CompPresent"
"AE10G2","AE10",2,"Y","H",100,0,0,0,0,0,0,0,0,"AE102","CompAbsent"
"AE10N4","AE10",4,"N","H",100,0,0,0,0,0,0,0,0,"AE104","CompPresent"
"AE10G4","AE10",4,"Y","H",99,1,0,0,0,0,0,0,0,"AE104","CompAbsent"
"HIGHG1","HIGH",1,"Y","H",100,0,0,0,0,0,0,0,0,"HIGH1","CompAbsent"
"HIGHN1","HIGH",1,"N","H",99,1,0,0,0,0,0,0,0,"HIGH1","CompPresent"
"HIGHG2","HIGH",2,"Y","H",80,0,0,0,0,20,0,0,0,"HIGH2","CompAbsent"
"HIGHN2","HIGH",2,"N","H",100,0,0,0,0,0,0,0,0,"HIGH2","CompPresent"
"HIGHG3","HIGH",3,"Y","H",96,1,0,0,0,0,0,0,0,"HIGH3","CompAbsent"
"HIGHN3","HIGH",3,"N","H",100,0,0,0,0,0,0,0,0,"HIGH3","CompPresent"
"PARAG1","PARA",1,"Y","H",90,10,0,0,0,0,0,0,0,"PARA1","CompAbsent"
"PARAN1","PARA",1,"N","H",100,0,0,0,0,0,0,0,0,"PARA1","CompPresent"
"PARAN2","PARA",2,"N","H",73,25,2,0,0,0,0,0,0,"PARA2","CompPresent"
"PARAG3","PARA",3,"Y","H",60,30,10,0,0,0,0,0,0,"PARA3","CompAbsent"
"AE10G1","AE10",1,"Y","I",100,0,0,0,0,0,0,0,0,"AE101","CompAbsent"
"AE10N1","AE10",1,"N","I",100,0,0,0,0,0,0,0,0,"AE101","CompPresent"
"AE10N2","AE10",2,"N","I",100,0,0,0,0,0,0,0,0,"AE102","CompPresent"
"AE10G3","AE10",3,"Y","I",94,5,1,0,0,0,0,0,0,"AE103","CompAbsent"
"AE10N3","AE10",3,"N","I",100,0,0,0,0,0,0,0,0,"AE103","CompPresent"
"AE10G5","AE10",5,"Y","I",100,0,0,0,0,0,0,0,0,"AE105","CompAbsent"
"AE10N5","AE10",5,"N","I",100,0,0,0,0,0,0,0,0,"AE105","CompPresent"
"AM16G1","AM16",1,"Y","I",25,75,0,0,0,0,0,0,0,"AM161","CompAbsent"
"AM16N1","AM16",1,"N","I",90,10,0,0,0,0,0,0,0,"AM161","CompPresent"
"AM16G2","AM16",2,"Y","I",20,80,0,0,0,0,0,0,0,"AM162","CompAbsent"
"AM16N2","AM16",2,"N","I",95,5,0,0,0,0,0,0,0,"AM162","CompPresent"
"AM16G3","AM16",3,"Y","I",60,40,0,0,0,0,0,0,0,"AM163","CompAbsent"
"AM16N3","AM16",3,"N","I",95,5,0,0,0,0,0,0,0,"AM163","CompPresent"
"AM16G4","AM16",4,"Y","I",75,25,0,0,0,0,0,0,0,"AM164","CompAbsent"
"AM16N4","AM16",4,"N","I",99,1,0,0,0,0,0,0,0,"AM164","CompPresent"
"AM16G5","AM16",5,"Y","I",50,50,0,0,0,0,0,0,0,"AM165","CompAbsent"
"AM16N5","AM16",5,"N","I",75,25,0,0,0,0,0,0,0,"AM165","CompPresent"
"AV06G1","AV06",1,"Y","I",50,50,0,0,0,0,0,0,0,"AV061","CompAbsent"
"AV06N1","AV06",1,"N","I",95,4,0,0,0,0,0,1,0,"AV061","CompPresent"
"AV06G2","AV06",2,"Y","I",10,80,10,0,0,0,0,0,0,"AV062","CompAbsent"
"AV06N2","AV06",2,"N","I",90,10,0,0,0,0,0,0,0,"AV062","CompPresent"
"AV06G3","AV06",3,"Y","I",40,60,0,0,0,0,0,0,0,"AV063","CompAbsent"
"AV06N3","AV06",3,"N","I",15,85,0,0,0,0,0,0,0,"AV063","CompPresent"
"AV06N4","AV06",4,"N","I",50,5,45,0,0,0,0,0,0,"AV064","CompPresent"
"AV06G5","AV06",5,"Y","I",25,75,0,0,0,0,0,0,0,"AV065","CompAbsent"
"AV06N5","AV06",5,"N","I",99,1,0,0,0,0,0,0,0,"AV065","CompPresent"
"HIGHG2","HIGH",2,"Y","I",100,0,0,0,5,0,0,0,0,"HIGH2","CompAbsent"
"HIGHG4","HIGH",4,"Y","I",98,2,0,0,0,0,0,0,0,"HIGH4","CompAbsent"
"HIGHN4","HIGH",4,"N","I",100,0,0,0,0,0,0,0,0,"HIGH4","CompPresent"
"HIGHG5","HIGH",5,"Y","I",99,1,0,0,0,0,0,0,0,"HIGH5","CompAbsent"
"HIGHN5","HIGH",5,"N","I",100,0,0,0,0,0,0,0,0,"HIGH5","CompPresent"
"PARAG2","PARA",2,"Y","I",99,1,0,0,0,0,0,0,0,"PARA2","CompAbsent"
"PARAN2","PARA",2,"N","I",98,2,0,0,0,0,0,0,0,"PARA2","CompPresent"
"PARAG3","PARA",3,"Y","I",1,99,0,0,0,0,0,0,0,"PARA3","CompAbsent"
"PARAN3","PARA",3,"N","I",100,0,0,0,0,0,0,0,0,"PARA3","CompPresent"
"PARAG4","PARA",4,"Y","I",95,5,0,0,0,0,0,0,0,"PARA4","CompAbsent"
"PARAN4","PARA",4,"N","I",100,0,0,0,0,0,0,0,0,"PARA4","CompPresent"
"PARAG5","PARA",5,"Y","I",92,2,6,0,0,0,0,0,0,"PARA5","CompAbsent"
"PARAN5","PARA",5,"N","I",85,0,0,0,0,0,0,15,0,"PARA5","CompPresent"
"TO04G1","TO04",1,"Y","I",95,5,0,0,0,0,0,0,0,"TO041","CompAbsent"
"TO04N1","TO04",1,"N","I",49,50,0,0,0,0,0,0,0,"TO041","CompPresent"
"TO04G2","TO04",2,"Y","I",24,75,0,0,0,0,0,0,0,"TO042","CompAbsent"
"TO04N2","TO04",2,"N","I",75,25,0,0,0,0,0,0,0,"TO042","CompPresent"
"TO04G3","TO04",3,"Y","I",30,70,0,0,0,0,0,0,0,"TO043","CompAbsent"
"TO04N3","TO04",3,"N","I",10,90,0,0,0,0,0,0,0,"TO043","CompPresent"
"TO04G4","TO04",4,"Y","I",50,50,0,0,0,0,0,0,0,"TO044","CompAbsent"
"TO04N4","TO04",4,"N","I",85,15,0,0,0,0,0,0,0,"TO044","CompPresent"
"TO04G5","TO04",5,"Y","I",30,70,0,0,0,0,0,0,0,"TO045","CompAbsent"
"TO04N5","TO04",5,"N","I",60,40,0,0,0,0,0,0,0,"TO045","CompPresent"
"AE10G2","AE10",2,"Y","I",100,0,0,0,0,0,0,0,0,"AE102","CompAbsent"
"AE10N4","AE10",4,"N","I",100,0,0,0,0,0,0,0,0,"AE104","CompPresent"
"AE10G4","AE10",4,"Y","I",100,0,0,0,0,0,0,0,0,"AE104","CompAbsent"
"HIGHG1","HIGH",1,"Y","I",100,0,0,0,0,0,0,0,0,"HIGH1","CompAbsent"
"HIGHN1","HIGH",1,"N","I",100,0,0,0,0,0,0,0,0,"HIGH1","CompPresent"
"HIGHN2","HIGH",2,"N","I",100,0,0,0,0,0,0,0,0,"HIGH2","CompPresent"
"HIGHG3","HIGH",3,"Y","I",97,2,0,0,0,0,0,0,0,"HIGH3","CompAbsent"
"HIGHN3","HIGH",3,"N","I",100,0,0,0,0,0,0,0,0,"HIGH3","CompPresent"
"PARAG1","PARA",1,"Y","I",75,25,0,0,0,0,0,0,0,"PARA1","CompAbsent"
"PARAN1","PARA",1,"N","I",100,0,0,0,0,0,0,0,0,"PARA1","CompPresent"
"AE10G1","AE10",1,"Y","J",45,5,50,0,0,0,0,0,0,"AE101","CompAbsent"
"AE10N1","AE10",1,"N","J",85,0,15,0,0,0,0,0,0,"AE101","CompPresent"
"AE10N2","AE10",2,"N","J",100,0,0,0,0,0,0,0,0,"AE102","CompPresent"
"AE10G3","AE10",3,"Y","J",90,10,0,0,0,0,0,0,0,"AE103","CompAbsent"
"AE10N3","AE10",3,"N","J",100,0,0,0,0,0,0,0,0,"AE103","CompPresent"
"AE10G4","AE10",4,"Y","J",100,0,0,0,0,0,0,0,0,"AE104","CompAbsent"
"AE10G5","AE10",5,"Y","J",98,2,0,0,0,0,0,0,0,"AE105","CompAbsent"
"AE10N5","AE10",5,"N","J",100,0,0,0,0,0,0,0,0,"AE105","CompPresent"
"AM16G1","AM16",1,"Y","J",50,50,0,0,0,0,0,0,0,"AM161","CompAbsent"
"AM16N1","AM16",1,"N","J",95,5,0,0,0,0,0,0,0,"AM161","CompPresent"
"AM16G2","AM16",2,"Y","J",50,50,0,0,0,0,0,0,0,"AM162","CompAbsent"
"AM16N2","AM16",2,"N","J",72,25,2,0,0,0,0,0,0,"AM162","CompPresent"
"AM16G3","AM16",3,"Y","J",25,73,2,0,0,0,0,0,0,"AM163","CompAbsent"
"AM16N3","AM16",3,"N","J",90,10,0,0,0,0,0,0,0,"AM163","CompPresent"
"AM16G4","AM16",4,"Y","J",46,50,2,0,0,0,0,0,0,"AM164","CompAbsent"
"AM16N4","AM16",4,"N","J",70,30,0,0,0,0,0,0,0,"AM164","CompPresent"
"AM16G5","AM16",5,"Y","J",75,25,0,0,0,0,0,0,0,"AM165","CompAbsent"
"AM16N5","AM16",5,"N","J",75,20,5,0,0,0,0,0,0,"AM165","CompPresent"
"AV06G1","AV06",1,"Y","J",40,60,0,0,0,0,0,0,0,"AV061","CompAbsent"
"AV06N1","AV06",1,"N","J",97,3,0,0,0,0,0,0,0,"AV061","CompPresent"
"AV06G2","AV06",2,"Y","J",10,90,0,0,0,0,0,0,0,"AV062","CompAbsent"
"AV06N2","AV06",2,"N","J",100,0,0,0,0,0,0,0,0,"AV062","CompPresent"
"AV06G3","AV06",3,"Y","J",40,60,0,0,0,0,0,0,0,"AV063","CompAbsent"
"AV06N3","AV06",3,"N","J",25,75,0,0,0,0,0,0,0,"AV063","CompPresent"
"AV06G4","AV06",4,"Y","J",40,60,0,0,0,0,0,0,0,"AV064","CompAbsent"
"AV06N4","AV06",4,"N","J",100,0,0,0,0,0,0,0,0,"AV064","CompPresent"
"AV06G5","AV06",5,"Y","J",40,60,0,0,0,0,0,0,0,"AV065","CompAbsent"
"HIGHN1","HIGH",1,"N","J",100,0,0,0,0,0,0,0,0,"HIGH1","CompPresent"
"HIGHG2","HIGH",2,"Y","J",75,25,0,0,1,0,0,0,0,"HIGH2","CompAbsent"
"HIGHN2","HIGH",2,"N","J",100,0,0,0,0,0,0,0,0,"HIGH2","CompPresent"
"HIGHG3","HIGH",3,"Y","J",94,4,0,0,1,0,0,0,0,"HIGH3","CompAbsent"
"HIGHN3","HIGH",3,"N","J",100,0,0,0,0,0,0,0,0,"HIGH3","CompPresent"
"HIGHG4","HIGH",4,"Y","J",95,5,0,0,0,0,0,0,0,"HIGH4","CompAbsent"
"HIGHN4","HIGH",4,"N","J",100,0,0,0,0,0,0,0,0,"HIGH4","CompPresent"
"HIGHG5","HIGH",5,"Y","J",98,2,0,0,0,0,0,0,0,"HIGH5","CompAbsent"
"HIGHN5","HIGH",5,"N","J",100,0,0,0,0,0,0,0,0,"HIGH5","CompPresent"
"PARAG1","PARA",1,"Y","J",98,2,0,0,0,0,0,0,0,"PARA1","CompAbsent"
"PARAN1","PARA",1,"N","J",90,0,10,0,0,0,0,0,0,"PARA1","CompPresent"
"PARAG2","PARA",2,"Y","J",100,0,0,0,0,0,0,0,0,"PARA2","CompAbsent"
"PARAN2","PARA",2,"N","J",100,0,0,0,0,0,0,0,0,"PARA2","CompPresent"
"PARAG3","PARA",3,"Y","J",90,5,5,0,0,0,0,0,0,"PARA3","CompAbsent"
"PARAN3","PARA",3,"N","J",95,5,0,0,0,0,0,0,0,"PARA3","CompPresent"
"PARAG4","PARA",4,"Y","J",99,1,0,0,0,0,0,0,0,"PARA4","CompAbsent"
"PARAN4","PARA",4,"N","J",100,0,0,0,0,0,0,0,0,"PARA4","CompPresent"
"PARAG5","PARA",5,"Y","J",96,4,0,0,0,0,0,0,0,"PARA5","CompAbsent"
"PARAN5","PARA",5,"N","J",90,0,10,0,0,0,0,0,0,"PARA5","CompPresent"
"TO04G1","TO04",1,"Y","J",93,5,0,0,0,0,0,0,0,"TO041","CompAbsent"
"TO04N1","TO04",1,"N","J",50,50,0,0,0,0,0,0,0,"TO041","CompPresent"
"TO04G2","TO04",2,"Y","J",25,75,0,0,0,0,0,0,0,"TO042","CompAbsent"
"TO04N2","TO04",2,"N","J",25,75,0,0,0,0,0,0,0,"TO042","CompPresent"
"TO04G3","TO04",3,"Y","J",75,25,0,0,0,0,0,0,0,"TO043","CompAbsent"
"TO04N3","TO04",3,"N","J",40,60,0,0,0,0,0,0,0,"TO043","CompPresent"
"TO04G4","TO04",4,"Y","J",25,75,0,0,0,0,0,0,0,"TO044","CompAbsent"
"TO04N4","TO04",4,"N","J",95,5,0,0,0,0,0,0,0,"TO044","CompPresent"
"TO04G5","TO04",5,"Y","J",60,40,0,0,0,0,0,0,0,"TO045","CompAbsent"
"TO04N5","TO04",5,"N","J",80,20,0,0,0,0,0,0,0,"TO045","CompPresent"
"HIGHG1","HIGH",1,"Y","J ",100,0,0,0,0,0,0,0,0,"HIGH1","CompAbsent"
"AE10G2","AE10",2,"Y","J",99,1,0,0,0,0,0,0,0,"AE102","CompAbsent"
"AE10N4","AE10",4,"N","J",100,0,0,0,0,0,0,0,0,"AE104","CompPresent"
"AE10G1","AE10",1,"Y","X",100,0,0,0,0,0,0,0,0,"AE101","CompAbsent"
"AE10N1","AE10",1,"N","X",100,0,0,0,0,0,0,0,0,"AE101","CompPresent"
"AE10G2","AE10",2,"Y","X",100,0,0,0,0,0,0,0,0,"AE102","CompAbsent"
"AE10N2","AE10",2,"N","X",100,0,0,0,0,0,0,0,0,"AE102","CompPresent"
"AE10G4","AE10",4,"Y","X",100,0,0,0,0,0,0,0,0,"AE104","CompAbsent"
"AE10N4","AE10",4,"N","X",100,0,0,0,0,0,0,0,0,"AE104","CompPresent"
"AM16G1","AM16",1,"Y","X",90,10,0,0,0,0,0,0,0,"AM161","CompAbsent"
"AM16N1","AM16",1,"N","X",90,10,0,0,0,0,0,0,0,"AM161","CompPresent"
"AM16G2","AM16",2,"Y","X",80,20,0,0,0,0,0,0,0,"AM162","CompAbsent"
"AM16N2","AM16",2,"N","X",42,58,2,0,0,0,0,0,0,"AM162","CompPresent"
"AM16G3","AM16",3,"Y","X",25,75,0,0,0,0,0,0,0,"AM163","CompAbsent"
"AM16N3","AM16",3,"N","X",99,1,0,0,0,0,0,0,0,"AM163","CompPresent"
"AV06G1","AV06",1,"Y","X",30,70,0,0,0,0,0,0,0,"AV061","CompAbsent"
"AV06N1","AV06",1,"N","X",75,25,0,0,0,0,0,0,0,"AV061","CompPresent"
"HIGHG1","HIGH",1,"Y","X",93,5,2,0,0,0,0,0,0,"HIGH1","CompAbsent"
"HIGHN1","HIGH",1,"N","X",96,4,0,0,0,0,0,0,0,"HIGH1","CompPresent"
"NISQG1","NISQ",1,"Y","X",75,25,0,0,0,0,0,0,0,"NISQ1","CompAbsent"
"NISQN1","NISQ",1,"N","X",96,4,0,0,0,0,0,0,0,"NISQ1","CompPresent"
"TO04G1","TO04",1,"Y","X",95,5,0,0,0,0,0,0,0,"TO041","CompAbsent"
"TO04N1","TO04",1,"N","X",50,50,0,0,0,0,0,0,0,"TO041","CompPresent"
"TO04G5","TO04",5,"Y","X",25,75,0,0,0,0,0,0,0,"TO045","CompAbsent"
"TO04N5","TO04",5,"N","X",80,20,0,0,0,0,0,0,0,"TO045","CompPresent"
"AE10G1","AE10",1,"Y","Y",95,5,0,0,0,0,0,0,0,"AE101","CompAbsent"
"AE10N1","AE10",1,"N","Y",100,0,0,0,0,0,0,0,0,"AE101","CompPresent"
"AE10G2","AE10",2,"Y","Y",98,1,0,0,0,0,0,0,1,"AE102","CompAbsent"
"AE10N2","AE10",2,"N","Y",98,1,0,0,0,0,0,0,0,"AE102","CompPresent"
"AE10G4","AE10",4,"Y","Y",100,0,0,0,0,0,0,0,0,"AE104","CompAbsent"
"AE10N4","AE10",4,"N","Y",100,0,0,0,0,0,0,0,0,"AE104","CompPresent"
"AM16G1","AM16",1,"Y","Y",90,10,0,0,0,0,0,0,0,"AM161","CompAbsent"
"AM16N1","AM16",1,"N","Y",97,3,0,0,0,0,0,0,0,"AM161","CompPresent"
"AM16G2","AM16",2,"Y","Y",75,25,0,0,0,0,0,0,0,"AM162","CompAbsent"
"AM16N2","AM16",2,"N","Y",90,10,0,0,0,0,0,0,0,"AM162","CompPresent"
"AM16G3","AM16",3,"Y","Y",60,40,0,0,0,0,0,0,0,"AM163","CompAbsent"
"AM16N3","AM16",3,"N","Y",75,25,0,0,0,0,0,0,0,"AM163","CompPresent"
"AV06G1","AV06",1,"Y","Y",10,90,0,0,0,0,0,0,0,"AV061","CompAbsent"
"AV06N1","AV06",1,"N","Y",95,5,0,0,0,0,0,0,0,"AV061","CompPresent"
"HIGHG1","HIGH",1,"Y","Y",95,5,0,0,0,0,0,0,0,"HIGH1","CompAbsent"
"HIGHN1","HIGH",1,"N","Y",100,0,0,0,0,0,0,0,0,"HIGH1","CompPresent"
"NISQG1","NISQ",1,"Y","Y",60,40,0,0,0,0,0,0,0,"NISQ1","CompAbsent"
"NISQN1","NISQ",1,"N","Y",93,5,2,0,0,0,0,0,0,"NISQ1","CompPresent"
"TO04G1","TO04",1,"Y","Y",85,13,2,0,0,0,0,0,0,"TO041","CompAbsent"
"TO04N1","TO04",1,"N","Y",90,10,0,0,0,0,0,0,0,"TO041","CompPresent"
"TO04G5","TO04",5,"Y","Y",98,2,0,0,0,0,0,0,0,"TO045","CompAbsent"
"TO04N5","TO04",5,"N","Y",80,20,0,0,0,0,0,0,0,"TO045","CompPresent"
